{"cameraMode":{"drawMode":0,"name":"Shaded","section":"Shading Mode"},"sceneLighting":true,"audioPlay":false,"sceneViewState":{"showFog":true,"showMaterialUpdate":false,"showSkybox":true,"showFlares":true,"showImageEffects":true,"showParticleSystems":true},"in2DMode":false,"pivot":{"x":859.5729370117188,"y":229.62254333496095,"z":-261.3845520019531},"rotation":{"x":0.12577657401561738,"y":0.1458854377269745,"z":-0.018698258325457574,"w":0.9811142086982727},"size":666.8355102539063,"orthographic":false}