{"cameraMode":{"drawMode":0,"name":"Shaded","section":"Shading Mode"},"sceneLighting":true,"audioPlay":false,"sceneViewState":{"showFog":true,"showMaterialUpdate":false,"showSkybox":true,"showFlares":true,"showImageEffects":true,"showParticleSystems":true},"in2DMode":false,"pivot":{"x":2296.23291015625,"y":21.3343505859375,"z":5.2825927734375},"rotation":{"x":0.40739527344703677,"y":0.4215058386325836,"z":-0.2202393114566803,"w":0.7796663641929627},"size":7137.44677734375,"orthographic":false}